{
    "name": "root",
    "gauges": {
        "MoveToGoal.Policy.Entropy.mean": {
            "value": 0.5950490236282349,
            "min": 0.5950490236282349,
            "max": 0.5950490236282349,
            "count": 1
        },
        "MoveToGoal.Policy.Entropy.sum": {
            "value": 2418.279296875,
            "min": 2418.279296875,
            "max": 2418.279296875,
            "count": 1
        },
        "MoveToGoal.Step.mean": {
            "value": 3469936.0,
            "min": 3469936.0,
            "max": 3469936.0,
            "count": 1
        },
        "MoveToGoal.Step.sum": {
            "value": 3469936.0,
            "min": 3469936.0,
            "max": 3469936.0,
            "count": 1
        },
        "MoveToGoal.Policy.ExtrinsicValueEstimate.mean": {
            "value": 465.3507385253906,
            "min": 465.3507385253906,
            "max": 465.3507385253906,
            "count": 1
        },
        "MoveToGoal.Policy.ExtrinsicValueEstimate.sum": {
            "value": 32574.552734375,
            "min": 32574.552734375,
            "max": 32574.552734375,
            "count": 1
        },
        "MoveToGoal.Environment.EpisodeLength.mean": {
            "value": 399.0,
            "min": 399.0,
            "max": 399.0,
            "count": 1
        },
        "MoveToGoal.Environment.EpisodeLength.sum": {
            "value": 3990.0,
            "min": 3990.0,
            "max": 3990.0,
            "count": 1
        },
        "MoveToGoal.Environment.CumulativeReward.mean": {
            "value": 1389.245447397232,
            "min": 1389.245447397232,
            "max": 1389.245447397232,
            "count": 1
        },
        "MoveToGoal.Environment.CumulativeReward.sum": {
            "value": 13892.45447397232,
            "min": 13892.45447397232,
            "max": 13892.45447397232,
            "count": 1
        },
        "MoveToGoal.Policy.ExtrinsicReward.mean": {
            "value": 1389.245447397232,
            "min": 1389.245447397232,
            "max": 1389.245447397232,
            "count": 1
        },
        "MoveToGoal.Policy.ExtrinsicReward.sum": {
            "value": 13892.45447397232,
            "min": 13892.45447397232,
            "max": 13892.45447397232,
            "count": 1
        },
        "MoveToGoal.IsTraining.mean": {
            "value": 1.0,
            "min": 1.0,
            "max": 1.0,
            "count": 1
        },
        "MoveToGoal.IsTraining.sum": {
            "value": 1.0,
            "min": 1.0,
            "max": 1.0,
            "count": 1
        }
    },
    "metadata": {
        "timer_format_version": "0.1.0",
        "start_time_seconds": "1686936784",
        "python_version": "3.8.16 (default, Mar  2 2023, 03:18:16) [MSC v.1916 64 bit (AMD64)]",
        "command_line_arguments": "D:\\Facultate\\Anul 3\\LICENTA\\Proiect Licenta\\venv\\Scripts\\mlagents-learn .\\config\\mtg_config1.2.yaml --run-id=MoveToGoal5.1.3 --resume --time-scale=1",
        "mlagents_version": "0.30.0",
        "mlagents_envs_version": "0.30.0",
        "communication_protocol_version": "1.5.0",
        "pytorch_version": "1.7.1+cu110",
        "numpy_version": "1.21.2",
        "end_time_seconds": "1686937315"
    },
    "total": 531.3570754,
    "count": 1,
    "self": 0.016344499999945583,
    "children": {
        "run_training.setup": {
            "total": 0.19221529999999998,
            "count": 1,
            "self": 0.19221529999999998
        },
        "TrainerController.start_learning": {
            "total": 531.1485156,
            "count": 1,
            "self": 0.1970842999985507,
            "children": {
                "TrainerController._reset_env": {
                    "total": 13.384865099999999,
                    "count": 1,
                    "self": 13.384865099999999
                },
                "TrainerController.advance": {
                    "total": 517.1334535000015,
                    "count": 6698,
                    "self": 0.18349150000312875,
                    "children": {
                        "env_step": {
                            "total": 515.2578557000024,
                            "count": 6698,
                            "self": 481.68554900000754,
                            "children": {
                                "SubprocessEnvManager._take_step": {
                                    "total": 33.455270699997065,
                                    "count": 6698,
                                    "self": 0.7294402999966465,
                                    "children": {
                                        "TorchPolicy.evaluate": {
                                            "total": 32.72583040000042,
                                            "count": 6698,
                                            "self": 32.72583040000042
                                        }
                                    }
                                },
                                "workers": {
                                    "total": 0.11703599999786007,
                                    "count": 6697,
                                    "self": 0.0,
                                    "children": {
                                        "worker_root": {
                                            "total": 459.1420426999998,
                                            "count": 6697,
                                            "is_parallel": true,
                                            "self": 50.84094120000117,
                                            "children": {
                                                "steps_from_proto": {
                                                    "total": 0.007921700000000698,
                                                    "count": 1,
                                                    "is_parallel": true,
                                                    "self": 0.0005063999999990187,
                                                    "children": {
                                                        "_process_rank_one_or_two_observation": {
                                                            "total": 0.007415300000001679,
                                                            "count": 4,
                                                            "is_parallel": true,
                                                            "self": 0.007415300000001679
                                                        }
                                                    }
                                                },
                                                "UnityEnvironment.step": {
                                                    "total": 408.29317979999865,
                                                    "count": 6697,
                                                    "is_parallel": true,
                                                    "self": 0.809528800002056,
                                                    "children": {
                                                        "UnityEnvironment._generate_step_input": {
                                                            "total": 0.6576255999987346,
                                                            "count": 6697,
                                                            "is_parallel": true,
                                                            "self": 0.6576255999987346
                                                        },
                                                        "communicator.exchange": {
                                                            "total": 404.5641938000003,
                                                            "count": 6697,
                                                            "is_parallel": true,