{"count":1,"self":1439.7435904,"total":25278.3216028,"children":{"InitializeActuators":{"count":20,"self":0.0020448,"total":0.0020448,"children":null},"InitializeSensors":{"count":20,"self":0.0035107999999999997,"total":0.0035107999999999997,"children":null},"AgentSendState":{"count":1078634,"self":488.59683839999997,"total":940.03189979999991,"children":{"CollectObservations":{"count":21572680,"self":73.9312896,"total":73.93128999999999,"children":null},"WriteActionMask":{"count":21572680,"self":16.5942448,"total":16.5942447,"children":null},"RequestDecision":{"count":21572680,"self":61.3988352,"total":360.9095483,"children":{"AgentInfo.ToProto":{"count":21572680,"self":48.7070176,"total":299.5107101,"children":{"GenerateSensorData":{"count":21572680,"self":191.885056,"total":250.80369159999998,"children":{"RayPerceptionSensor.Perceive":{"count":21572680,"self":58.918636799999994,"total":58.918639299999995,"children":null}}}}}}}}},"DecideAction":{"count":1078634,"self":22851.477504,"total":22851.4776938,"children":null},"AgentAct":{"count":1078634,"self":46.922825599999996,"total":47.060870799999996,"children":{"AgentInfo.ToProto":{"count":14380,"self":0.0195351,"total":0.1380439,"children":{"GenerateSensorData":{"count":14380,"self":0.08105649999999999,"total":0.1185088,"children":{"RayPerceptionSensor.Perceive":{"count":14380,"self":0.0374523,"total":0.0374523,"children":null}}}}}}}},"gauges":{"MoveToGoal.CumulativeReward":{"count":14380,"max":19305.6543,"min":-80633.8047,"runningAverage":-560.7182,"value":-323.217682,"weightedAverage":-323.2177}},"metadata":{"timer_format_version":"0.1.0","start_time_seconds":"1686995971","unity_version":"2022.2.21f1","command_line_arguments":"C:\\Program Files\\Unity\\Hub\\Editor\\2022.2.21f1\\Editor\\Unity.exe -projectpath D:\\Facultate\\Anul 3\\LICENTA\\Proiect Licenta -useHub -hubIPC -cloudEnvironment production -licensingIpc LicenseClient-maria -hubSessionId d117d58f-1604-470e-b880-3f7830a1e599 -accessToken rp21IocYjfwuBulZBRVGgoP7olhU07WQN6JOFYyJ8o8007f","communication_protocol_version":"1.5.0","com.unity.ml-agents_version":"2.0.1","scene_name":"Gym","end_time_seconds":"1687021249"}}