{"count":1,"self":809.60701439999991,"total":810.54648909999992,"children":{"InitializeActuators":{"count":1,"self":0.0015103999999999999,"total":0.0015103999999999999,"children":null},"InitializeSensors":{"count":1,"self":0.0025134999999999997,"total":0.0025134999999999997,"children":null},"AgentSendState":{"count":39620,"self":0.23370339999999998,"total":0.353854,"children":{"CollectObservations":{"count":7924,"self":0.0754658,"total":0.0754658,"children":null},"WriteActionMask":{"count":7924,"self":0.017947599999999998,"total":0.017947599999999998,"children":null},"RequestDecision":{"count":7924,"self":0.0267372,"total":0.0267372,"children":null}}},"DecideAction":{"count":39620,"self":0.2187393,"total":0.2187393,"children":null},"AgentAct":{"count":39620,"self":0.361321,"total":0.361321,"children":null}},"gauges":{"MoveToGoal.CumulativeReward":{"count":15,"max":-104828.992,"min":-114170.242,"runningAverage":-112060.172,"value":-113458.133,"weightedAverage":-112692.367}},"metadata":{"timer_format_version":"0.1.0","start_time_seconds":"1685716982","unity_version":"2022.2.21f1","command_line_arguments":"C:\\Program Files\\Unity\\Hub\\Editor\\2022.2.21f1\\Editor\\Unity.exe -projectpath D:\\Facultate\\Anul 3\\LICENTA\\Proiect Licenta -useHub -hubIPC -cloudEnvironment production -licensingIpc LicenseClient-maria -hubSessionId 412d9fb2-afe4-45b2-a7bc-d6af80165691 -accessToken w3J58me3xj9Q1bFERPDjTWmMtDZs2DoIFAovNBZ5IhU007f","communication_protocol_version":"1.5.0","com.unity.ml-agents_version":"2.0.1","scene_name":"SampleScene","end_time_seconds":"1685717793"}}