{
    "name": "root",
    "gauges": {
        "MoveToGoal.Policy.Entropy.mean": {
            "value": 0.391549676656723,
            "min": 0.38770362734794617,
            "max": 1.0797920227050781,
            "count": 277
        },
        "MoveToGoal.Policy.Entropy.sum": {
            "value": 3915.496826171875,
            "min": 3445.63037109375,
            "max": 10797.919921875,
            "count": 277
        },
        "MoveToGoal.Step.mean": {
            "value": 4919984.0,
            "min": 2159984.0,
            "max": 4919984.0,
            "count": 277
        },
        "MoveToGoal.Step.sum": {
            "value": 4919984.0,
            "min": 2159984.0,
            "max": 4919984.0,
            "count": 277
        },
        "MoveToGoal.Policy.ExtrinsicValueEstimate.mean": {
            "value": -5.656858921051025,
            "min": -16.09209442138672,
            "max": 336.3594665527344,
            "count": 277
        },
        "MoveToGoal.Policy.ExtrinsicValueEstimate.sum": {
            "value": -1131.371826171875,
            "min": -3218.4189453125,
            "max": 57586.90625,
            "count": 277
        },
        "MoveToGoal.Environment.EpisodeLength.mean": {
            "value": 99.0,
            "min": 99.0,
            "max": 99.0,
            "count": 277
        },
        "MoveToGoal.Environment.EpisodeLength.sum": {
            "value": 9900.0,
            "min": 1980.0,
            "max": 9900.0,
            "count": 277
        },
        "MoveToGoal.Environment.CumulativeReward.mean": {
            "value": 57.674203443229196,
            "min": -27.69763792693615,
            "max": 118.41125266194344,
            "count": 277
        },
        "MoveToGoal.Environment.CumulativeReward.sum": {
            "value": 5767.42034432292,
            "min": -2769.763792693615,
            "max": 11841.125266194344,
            "count": 277
        },
        "MoveToGoal.Policy.ExtrinsicReward.mean": {
            "value": 57.674203443229196,
            "min": -27.69763792693615,
            "max": 118.41125266194344,
            "count": 277
        },
        "MoveToGoal.Policy.ExtrinsicReward.sum": {
            "value": 5767.42034432292,
            "min": -2769.763792693615,
            "max": 11841.125266194344,
            "count": 277
        },
        "MoveToGoal.IsTraining.mean": {
            "value": 1.0,
            "min": 1.0,
            "max": 1.0,
            "count": 277
        },
        "MoveToGoal.IsTraining.sum": {
            "value": 1.0,
            "min": 1.0,
            "max": 1.0,
            "count": 277
        },
        "MoveToGoal.Losses.PolicyLoss.mean": {
            "value": 0.02107926879543811,
            "min": 0.01131849741213955,
            "max": 0.1107614484615624,
            "count": 276
        },
        "MoveToGoal.Losses.PolicyLoss.sum": {
            "value": 0.02107926879543811,
            "min": 0.01131849741213955,
            "max": 0.1107614484615624,
            "count": 276
        },
        "MoveToGoal.Losses.ValueLoss.mean": {
            "value": 3205.6748779296877,
            "min": 362.8987564086914,
            "max": 518957.5453125,
            "count": 276
        },
        "MoveToGoal.Losses.ValueLoss.sum": {
            "value": 3205.6748779296877,
            "min": 362.8987564086914,
            "max": 518957.5453125,
            "count": 276
        },
        "MoveToGoal.Policy.LearningRate.mean": {
            "value": 0.00027053232982256,
            "min": 0.00027053232982256,
            "max": 0.00028700064433312,
            "count": 276
        },
        "MoveToGoal.Policy.LearningRate.sum": {
            "value": 0.00027053232982256,
            "min": 0.00027053232982256,
            "max": 0.00057330096889968,
            "count": 276
        },
        "MoveToGoal.Policy.Epsilon.mean": {
            "value": 0.19017744,
            "min": 0.19017744,
            "max": 0.19566688000000002,
            "count": 276
        },
        "MoveToGoal.Policy.Epsilon.sum": {
            "value": 0.19017744,
            "min": 0.19017744,
            "max": 0.39110032000000006,
            "count": 276
        },
        "MoveToGoal.Policy.Beta.mean": {
            "value": 0.005,
            "min": 0.005,
            "max": 0.005,
            "count": 276
        },
        "MoveToGoal.Policy.Beta.sum": {
            "value": 0.005,
            "min": 0.005,
            "max": 0.01,
            "count": 276
        }
    },
    "metadata": {
        "timer_format_version": "0.1.0",
        "start_time_seconds": "1686550677",
        "python_version": "3.8.16 (default, Mar  2 2023, 03:18:16) [MSC v.1916 64 bit (AMD64)]",
        "command_line_arguments": "D:\\Facultate\\Anul 3\\LICENTA\\Proiect Licenta\\venv\\Scripts\\mlagents-learn .\\config\\mtg_config1.2.yaml --run-id=MoveToGoal4.2 --resume",
        "mlagents_version": "0.30.0",
        "mlagents_envs_version": "0.30.0",
        "communication_protocol_version": "1.5.0",
        "pytorch_version": "1.7.1+cu110",
        "numpy_version": "1.21.2",
        "end_time_seconds": "1686556005"
    },
    "total": 5328.5110599,
    "count": 1,
    "self": 0.012678999999479856,
    "children": {
        "run_training.setup": {
            "total": 0.17908230000000014,
            "count": 1,
            "self": 0.17908230000000014
        },
        "TrainerController.start_learning": {
            "total": 5328.3192986,
            "count": 1,
            "self": 2.8555295000069236,
            "children": {
                "TrainerController._reset_env": {
                    "total": 26.179739400000003,
                    "count": 1,
                    "self": 26.179739400000003
                },
                "TrainerController.advance": {
                    "total": 5299.193587299994,
                    "count": 138377,
                    "self": 3.104064899977857,
                    "children": {
                        "env_step": {
                            "total": 3099.3457763001147,
                            "count": 138377,
                            "self": 2617.58357680015,
                            "children": {
                                "SubprocessEnvManager._take_step": {
                                    "total": 479.697755399958,
                                    "count": 138377,
                                    "self": 12.411197600013907,
                                    "children": {
                                        "TorchPolicy.evaluate": {
                                            "total": 467.2865577999441,
                                            "count": 138377,
                                            "self": 467.2865577999441
                                        }
                                    }
                                },
                                "workers": {
                                    "total": 2.064444100007119,
                                    "count": 138376,
                                    "self": 0.0,
                                    "children": {
                                        "worker_root": {
                                            "total": 5296.263790599921,
                                            "count": 138376,
                                            "is_parallel": true,
                                            "self": 2921.9712975999646,
                                            "children": {
                                                "steps_from_proto": {
                                                    "total": 0.0009571999999984371,
                                                    "count": 1,
                                                    "is_parallel": true,
                                                    "self": 0.000158400000000114,